scope;main_model
ifid;if_379;if_381;if_383;if_385;if_387;if_389;if_391;if_393;if_535;if_537;if_539;if_541;if_543;if_545;if_547;if_549;if_551;if_553;if_555;if_557;if_559;if_561;if_563;if_565;if_567;if_569;if_411;if_413;if_415;if_417;if_419;if_421;if_423;if_425;if_427;if_429;if_431;if_433;if_435;if_437;if_439;if_441;if_443;if_445;if_447;if_449;if_451;if_453;if_455;if_457;if_459;if_461;if_463;if_465;if_467;if_469;if_471;if_473;if_475;if_477;if_479;if_481;if_483;if_485;if_487;if_489;if_491;if_493;if_495;if_497;if_499;if_501;if_503;if_505;if_507;if_509;if_511;if_513;if_515;if_517;if_519;if_521;if_523;if_525;if_527;if_529;if_531;if_533;if_395;if_397;if_399;if_401;if_403;if_405;if_407;if_409
baseType;int32;int32;int32;int32;int32;int32;int32;int32;int32;int32;int32;int32;int32;int32;int32;int32;int32;int32;int32;int32;int32;int32;int32;int32;int32;int32;int32;int32;int32;int32;int32;int32;int32;int32;int32;int32;int32;int32;int32;int32;int32;int32;int32;int32;int32;int32;int32;int32;int32;int32;int32;int32;int32;int32;int32;int32;int32;int32;int32;int32;int32;int32;int32;int32;int32;int32;int32;int32;int32;int32;int32;int32;int32;int32;int32;int32;int32;int32;int32;int32;int32;int32;int32;int32;int32;int32;int32;int32;int32;int32;int32;int32;int32;int32;int32;int32
identifier;INPUT:In1;INPUT:In2;INPUT:In3;INPUT:In4;INPUT:In5;INPUT:In6;INPUT:In7;INPUT:In8;PARAMETER:Model/x1;PARAMETER:Model1/x10;PARAMETER:Model1/x11;PARAMETER:Model1/x12;PARAMETER:Model1/x13;PARAMETER:Model1/x14;PARAMETER:Model1/x15;PARAMETER:Model1/x16;PARAMETER:Model1/x17;PARAMETER:Model1/x18;PARAMETER:Model/x2;PARAMETER:Model/x3;PARAMETER:Model/x4;PARAMETER:Model/x5;PARAMETER:Model/x6;PARAMETER:Model/x7;PARAMETER:Model/x8;PARAMETER:Model/x9;LOCAL:Model/Subsystem/Model2;LOCAL:Model/Model1;LOCAL:Model/Subsystem/Subsystem/In1;LOCAL:Model/Subsystem/Subsystem/Model1;LOCAL:Model/Model/In1;LOCAL:Model/Model/Model;LOCAL:Model/Model/parentSubM01/Model;LOCAL:Model/Model/Model/Add;LOCAL:Model/Model/Model/In1;LOCAL:Model/Model/parentSubM01/Model/Add;LOCAL:Model/Model/parentSubM01/Model/In1;LOCAL:Model/Model1/Add;LOCAL:Model/Model1/In1;LOCAL:Model/Model2/Add;LOCAL:Model/Model2/In1;LOCAL:Model/Subsystem/Model2/Add;LOCAL:Model/Subsystem/Model2/In1;LOCAL:Model/Subsystem/Subsystem/Model1/In1;LOCAL:Model/Subsystem/Subsystem/Model1/Model;LOCAL:Model/Subsystem/Subsystem/Model1/parentSubM01/Model;LOCAL:Model/Subsystem/Subsystem/Model1/Model/Add;LOCAL:Model/Subsystem/Subsystem/Model1/Model/In1;LOCAL:Model/Subsystem/Subsystem/Model1/parentSubM01/Model/Add;LOCAL:Model/Subsystem/Subsystem/Model1/parentSubM01/Model/In1;LOCAL:Model/Subsystem/Subsystem/Model2/In1;LOCAL:Model/Subsystem/Subsystem/Model2/Model;LOCAL:Model/Subsystem/Subsystem/Model2/parentSubM01/Model;LOCAL:Model/Subsystem/Subsystem/Model2/Model/Add;LOCAL:Model/Subsystem/Subsystem/Model2/Model/In1;LOCAL:Model/Subsystem/Subsystem/Model2/parentSubM01/Model/Add;LOCAL:Model/Subsystem/Subsystem/Model2/parentSubM01/Model/In1;LOCAL:Model1/Subsystem/Model2;LOCAL:Model1/Model1;LOCAL:Model1/Subsystem/Subsystem/In1;LOCAL:Model1/Subsystem/Subsystem/Model1;LOCAL:Model1/Model/In1;LOCAL:Model1/Model/Model;LOCAL:Model1/Model/parentSubM01/Model;LOCAL:Model1/Model/Model/Add;LOCAL:Model1/Model/Model/In1;LOCAL:Model1/Model/parentSubM01/Model/Add;LOCAL:Model1/Model/parentSubM01/Model/In1;LOCAL:Model1/Model1/Add;LOCAL:Model1/Model1/In1;LOCAL:Model1/Model2/Add;LOCAL:Model1/Model2/In1;LOCAL:Model1/Subsystem/Model2/Add;LOCAL:Model1/Subsystem/Model2/In1;LOCAL:Model1/Subsystem/Subsystem/Model1/In1;LOCAL:Model1/Subsystem/Subsystem/Model1/Model;LOCAL:Model1/Subsystem/Subsystem/Model1/parentSubM01/Model;LOCAL:Model1/Subsystem/Subsystem/Model1/Model/Add;LOCAL:Model1/Subsystem/Subsystem/Model1/Model/In1;LOCAL:Model1/Subsystem/Subsystem/Model1/parentSubM01/Model/Add;LOCAL:Model1/Subsystem/Subsystem/Model1/parentSubM01/Model/In1;LOCAL:Model1/Subsystem/Subsystem/Model2/In1;LOCAL:Model1/Subsystem/Subsystem/Model2/Model;LOCAL:Model1/Subsystem/Subsystem/Model2/parentSubM01/Model;LOCAL:Model1/Subsystem/Subsystem/Model2/Model/Add;LOCAL:Model1/Subsystem/Subsystem/Model2/Model/In1;LOCAL:Model1/Subsystem/Subsystem/Model2/parentSubM01/Model/Add;LOCAL:Model1/Subsystem/Subsystem/Model2/parentSubM01/Model/In1;OUTPUT:Out1;OUTPUT:Out2;OUTPUT:Out3;OUTPUT:Out4;OUTPUT:Out5;OUTPUT:Out6;OUTPUT:Out7;OUTPUT:Out8
kind;INPUT;INPUT;INPUT;INPUT;INPUT;INPUT;INPUT;INPUT;PARAMETER;PARAMETER;PARAMETER;PARAMETER;PARAMETER;PARAMETER;PARAMETER;PARAMETER;PARAMETER;PARAMETER;PARAMETER;PARAMETER;PARAMETER;PARAMETER;PARAMETER;PARAMETER;PARAMETER;PARAMETER;LOCAL;LOCAL;LOCAL;LOCAL;LOCAL;LOCAL;LOCAL;LOCAL;LOCAL;LOCAL;LOCAL;LOCAL;LOCAL;LOCAL;LOCAL;LOCAL;LOCAL;LOCAL;LOCAL;LOCAL;LOCAL;LOCAL;LOCAL;LOCAL;LOCAL;LOCAL;LOCAL;LOCAL;LOCAL;LOCAL;LOCAL;LOCAL;LOCAL;LOCAL;LOCAL;LOCAL;LOCAL;LOCAL;LOCAL;LOCAL;LOCAL;LOCAL;LOCAL;LOCAL;LOCAL;LOCAL;LOCAL;LOCAL;LOCAL;LOCAL;LOCAL;LOCAL;LOCAL;LOCAL;LOCAL;LOCAL;LOCAL;LOCAL;LOCAL;LOCAL;LOCAL;LOCAL;OUTPUT;OUTPUT;OUTPUT;OUTPUT;OUTPUT;OUTPUT;OUTPUT;OUTPUT
0;0;0;0;0;0;0;0;0;-1001;210;111;2212;-2213;814;615;416;2517;9918;102;-103;-204;-305;-336;557;888;-9;-395;888;0;-309;0;-1001;100;-1001;0;100;-2;888;0;-9;0;-395;-952;0;-103;-206;-103;0;-206;-2;-309;-614;-338;-614;-309;-338;-2;1840;2517;0;-3;0;210;109;210;0;109;-2;2517;0;9918;0;1840;1424;0;2212;-2215;2212;0;-2215;-2;-3;811;613;811;-3;613;-2;-901;-395;888;-9;319;1840;2517;9918
1;0;1;0;3;0;1;0;0;-1001;210;111;2212;-2213;814;615;416;2517;9918;102;-103;-204;-305;-336;557;888;-9;-394;888;1;-308;0;-1001;100;-1001;0;100;-2;888;0;-6;3;-394;-951;1;-102;-206;-102;1;-206;-2;-308;-613;-338;-613;-308;-338;-2;1841;2517;1;-2;0;210;109;210;0;109;-2;2517;0;9918;0;1841;1425;1;2213;-2215;2213;1;-2215;-2;-2;812;613;812;-2;613;-2;-901;-394;888;-6;319;1841;2517;9918
2;1;1;2;3;4;1;0;-2;-1001;210;111;2212;-2213;814;615;416;2517;9918;102;-103;-204;-305;-336;557;888;-9;-394;890;1;-308;1;-1000;100;-1000;1;100;-2;890;2;-6;3;-394;-951;1;-102;-206;-102;1;-206;-2;-308;-613;-338;-613;-308;-338;-2;1841;2517;1;-2;4;214;109;214;4;109;-2;2517;0;9916;-2;1841;1425;1;2213;-2215;2213;1;-2215;-2;-2;812;613;812;-2;613;-2;-900;-394;890;-6;323;1841;2517;9916
3;1;-44;2;0;4;2;3;-2;-1001;210;111;2212;-2213;814;615;416;2517;9918;102;-103;-204;-305;-336;557;888;-9;-439;890;-44;-353;1;-1000;100;-1000;1;100;-2;890;2;-9;0;-439;-996;-44;-147;-206;-147;-44;-206;-2;-353;-658;-338;-658;-353;-338;-2;1842;2520;2;-1;4;214;109;214;4;109;-2;2520;3;9916;-2;1842;1426;2;2214;-2215;2214;2;-2215;-2;-1;813;613;813;-1;613;-2;-900;-439;890;-9;323;1842;2520;9916
4;-4;-44;-9;0;4;6;3;-2;-1001;210;111;2212;-2213;814;615;416;2517;9918;102;-103;-204;-305;-336;557;888;-9;-439;879;-44;-353;-4;-1005;100;-1005;-4;100;-2;879;-9;-9;0;-439;-996;-44;-147;-206;-147;-44;-206;-2;-353;-658;-338;-658;-353;-338;-2;1846;2520;6;3;4;214;109;214;4;109;-2;2520;3;9916;-2;1846;1430;6;2218;-2215;2218;6;-2215;-2;3;817;613;817;3;613;-2;-905;-439;879;-9;323;1846;2520;9916
